Pathogenic/Genomic Island	Protein ID	Localization Position	Protein Name	Reference
PI1	WP_010881530.1	89734   90582	hypothetical protein	Nichols
PI1	WP_041610086.1	90629   92209	ATPase AAA	Nichols
PI1	TP_RS00420	92377   94357	hypothetical protein	Nichols
PI1	WP_010881533.1	94437   94670	hypothetical protein	Nichols
PI1	WP_010881534.1	94784   95230	PTS sucrose transporter subunit IIABC	Nichols
PI1	WP_010881535.1	95311   96255	pilus assembly protein PilZ	Nichols
PI1	WP_014342264.1	96258   96821	hypothetical protein	Nichols
PI1	WP_010881537.1	96781   97395	hypothetical protein	Nichols
PI1	WP_010881538.1	97425   98660	Crp/Fnr family transcriptional regulator	Nichols
PI1	WP_010881539.1	98743   99807	UDP-N-acetylenolpyruvoylglucosamine reductase	Nichols
PI1	WP_010881540.1	99989  101551	cysteine--tRNA ligase	Nichols
PI1	WP_010881541.1	101622  102110	RNA polymerase subunit sigma-24	Nichols
PI1	WP_010881542.1	102094  102741	hypothetical protein	Nichols
PI1	WP_010881543.1	102879  103889	phosphate acetyltransferase	Nichols
PI1	WP_010881544.1	103889  105835	hypothetical protein	Nichols
PI1	WP_010881545.1	105909  106271	conjugal transfer protein TraR	Nichols
PI1	WP_010881546.1	106441  106659	translation initiation factor IF-1	Nichols
PI1	WP_010881547.1	106719  107369	molecular chaperone DnaJ	Nichols
PI1	WP_010881548.1	107373  108128	UMP kinase	Nichols
PI1	WP_010881549.1	108323  108925	thioredoxin	Nichols
PI1	WP_010881550.1	108918  109712	cytochrome c biogenesis protein	Nichols
PI1	WP_010881551.1	109750  111723	ATPase AAA	Nichols
PI1	WP_010881552.1	111788  113611	helicase	Nichols
PI1	WP_010881553.1	113858  115639	5'-nucleotidase	Nichols
PI1	WP_010881554.1	115806  118799	DNA polymerase I	Nichols
PI1	WP_010881555.1	118831  120363	carnitine transporter	Nichols
PI1	WP_014342767.1	120344  122035	choline kinase	Nichols
PI1	WP_010881557.1	122275  123660	ATP-dependent 6-phosphofructokinase	Nichols
PI1	WP_010881558.1	123762  124640	23S rRNA (guanosine(2251)-2'-O)-methyltransferase RlmB	Nichols
PI1	WP_010881559.1	125181  126914	hypothetical protein	Nichols
PI1	WP_014342768.1	126911  128401	RNA polymerase sigma-54 factor	Nichols
PI1	WP_010881561.1	128398  129750	aminopeptidase C	Nichols
PI1	WP_010881562.1	129892  130878	protein HflK	Nichols
PI1	WP_010881563.1	130883  131878	protease modulator HflC	Nichols
PI1	WP_010881564.1	131903  132712	hydroxymethylpyrimidine/phosphomethylpyrimidine kinase	Nichols
PI1	WP_010881565.1	132863  134869	excinuclease ABC subunit B	Nichols
PI1	WP_010881566.1	134901  136697	hypothetical protein	Nichols
PI1	WP_010881567.1	136777  138042	hypothetical protein	Nichols
PI1	WP_010881568.1	138140  138799	methionine ABC transporter permease	Nichols
PI1	WP_010881569.1	138799  139608	ABC transporter	Nichols
PI1	WP_014342769.1	139744  140805	KamA family radical SAM protein	Nichols
PI1	WP_010881571.1	141025  142881	phosphoenolpyruvate carboxykinase	Nichols
PI1	WP_014342770.1	143128  145557	hypothetical protein	Nichols
PI1	WP_010881573.1	145571  146677	GTP-binding protein YchF	Nichols
PI1	WP_010881574.1	146754  147548	exodeoxyribonuclease III	Nichols
PI1	WP_014342713.1	147612  148283	hypothetical protein	Nichols
PI1	TP_RS00655	148595  148977	hypothetical protein	Nichols
PI1	WP_025267555.1	149051  149284	hypothetical protein	Nichols
PI1	WP_010881577.1	149473  149820	hypothetical protein	Nichols
PI1	WP_014342775.1	150047  150385	hypothetical protein	Nichols
PI1	WP_010881566.1	151101  152897	hypothetical protein	Nichols
PI1	WP_010881580.1	152942  153151	hypothetical protein	Nichols
PI1	WP_010881581.1	153136  154368	hypothetical protein	Nichols
PI1	WP_010881582.1	154365  155495	hypothetical protein	Nichols
PI1	TP_RS05250	155458  156089	hypothetical protein	Nichols
PI1	WP_010881584.1	156792  158279	hypothetical protein	Nichols
PI1	WP_010881586.1	158533  159270	hypothetical protein	Nichols
GI1	WP_010881751.1	315039  315980	sugar ABC transporter ATP-binding protein	Nichols
GI1	WP_010881752.1	315967  317913	DNA mismatch repair protein MutL	Nichols
GI1	WP_010881753.1	317926  321045	hypothetical protein	Nichols
GI1	WP_010881754.1	320972  322705	CTP synthase	Nichols
GI1	WP_010881755.1	322870  323484	30S ribosomal protein S4	Nichols
GI1	WP_014342361.1	323550  324599	serine/threonine protein kinase	Nichols
GI1	WP_010881757.1	324574  325539	amino acid ABC transporter substrate-binding protein	Nichols
GI1	WP_010881758.1	325605  326423	amino acid ABC transporter substrate-binding protein	Nichols
GI1	WP_010881759.1	326392  326775	single-stranded DNA-binding protein	Nichols
GI1	WP_010881761.1	326881  327894	DUF368 domain-containing protein	Nichols
GI1	WP_010881762.1	327985  330273	hypothetical protein	Nichols
GI1	TP_RS01580	330330  331146	hypothetical protein	Nichols
GI1	TP_RS01585	331140  332334	hypothetical protein	Nichols
GI1	WP_010881765.1	332393  334663	hypothetical protein	Nichols
GI1	WP_010881767.1	334823  335884	hypothetical protein	Nichols
GI1	WP_010881769.1	336125  337726	heme ABC transporter ATP-binding protein	Nichols
GI1	WP_010881770.1	337636  338838	ABC transporter	Nichols
GI1	WP_010881771.1	338835  339785	branched-chain amino acid ABC transporter permease	Nichols
GI1	WP_010881772.1	339889  341346	hypothetical protein	Nichols
GI1	WP_010881773.1	341328  344294	hypothetical protein	Nichols
GI2	WP_010881790.1	365067  365627	cytidylate kinase	Nichols
GI2	WP_010881791.1	365621  366454	adenine glycosylase	Nichols
GI2	WP_010881792.1	366459  369881	transcription-repair coupling factor	Nichols
GI2	WP_010881793.1	370034  371125	phospho-N-acetylmuramoyl-pentapeptide- transferase	Nichols
GI2	WP_010881794.1	371282  371983	hypothetical protein	Nichols
GI2	WP_010881795.1	371952  372782	hypothetical protein	Nichols
GI2	WP_041610074.1	373327  373608	hypothetical protein	Nichols
GI2	WP_010881797.1	373895  374425	FKBP-type peptidyl-prolyl cis-trans isomerase	Nichols
GI2	WP_010881798.1	374639  375925	gamma-glutamyl-phosphate reductase	Nichols
GI2	WP_010881799.1	375922  376812	glutamate 5-kinase	Nichols
GI2	WP_010881800.1	376944  377201	hypothetical protein	Nichols
GI2	WP_010881801.1	377198  377707	ribonuclease H	Nichols
GI2	WP_010881802.1	377970  378596	thymidylate kinase	Nichols
GI2	WP_013945017.1	379199  379468	RNA-binding protein	Nichols
GI2	WP_013945018.1	379651  380310	biotin--[acetyl-CoA-carboxylase] ligase	Nichols
GI2	WP_010881806.1	380315  381895	glycosyl hydrolase	Nichols
GI2	WP_010881807.1	381907  382542	DUF4912 domain-containing protein	Nichols
GI2	WP_014342391.1	382926  383729	lysophosphatidic acid acyltransferase	Nichols
GI2	WP_041610075.1	383774  383989	hypothetical protein	Nichols
GI2	WP_014342393.1	384060  384476	hypothetical protein	Nichols
GI2	WP_014505476.1	384584  387016	chemotaxis protein CheA	Nichols
GI3	WP_010881892.1	470313  471341	peptidoglycan-binding protein LysM	Nichols
GI3	WP_010881893.1	471477  472106	4-methyl-5(B-hydroxyethyl)-thiazole monophosphate 	Nichols
GI3	WP_014342797.1	472103  473362	4-hydroxy-3-methylbut-2-en-1-yl diphosphate synthase	Nichols
GI3	WP_010881895.1	473359  474483	hypothetical protein	Nichols
GI3	WP_010881896.1	474541  475623	uracil phosphoribosyltransferase	Nichols
GI3	WP_010881897.1	475627  476217	hypothetical protein	Nichols
GI3	WP_010881898.1	476354  478405	elongation factor G	Nichols
GI3	WP_010881899.1	478394  478576	hypothetical protein	Nichols
GI4	WP_010881903.1	483330  484019	hypothetical protein	Nichols
GI4	WP_014342433.1	484016  484990	hypothetical protein	Nichols
GI4	WP_010881905.1	485077  486393	hypothetical protein	Nichols
GI4	WP_010881906.1	486461  488242	hypothetical protein	Nichols
GI4	WP_010881907.1	488333  488911	SMC-Scp complex subunit ScpB	Nichols
GI4	WP_014342436.1	488928  489725	RsuA family pseudouridine synthase	Nichols
GI4	WP_010881909.1	489768  490475	hypothetical protein	Nichols
GI4	WP_010881910.1	490476  490835	transcriptional regulator	Nichols
GI4	TP_RS02305	491040  492219	hypothetical protein	Nichols
GI4	WP_010881913.1	492278  493030	tRNA (guanine-N(7)-)-methyltransferase	Nichols
GI5	WP_010881971.1	563494  564648	UDP-N-acetylglucosamine--N-acetylmuramyl          	Nichols
GI5	WP_010881972.1	564652  567297	Lon protease	Nichols
GI5	WP_010881973.1	567433  567996	elongation factor P	Nichols
GI5	WP_013945164.1	567993  568145	lectin	Nichols
GI5	WP_010881974.1	568144  570150	DEAD/DEAH box helicase	Nichols
GI5	WP_010881975.1	570198  570827	V-type ATP synthase subunit D 2	Nichols
GI5	WP_010881976.1	570922  572364	ATP synthase subunit beta	Nichols
GI5	WP_010881977.1	572361  574178	V-type ATP synthase alpha chain 2	Nichols
GI5	WP_010881978.1	574175  574801	ATPase	Nichols
GI5	WP_010881978.1	574175  574801	ATPase	Nichols
GI5	WP_014342462.1                    	574807  575124                    	   ATPase	Nichols
GI5	WP_041610078.1	575445  575765	hypothetical protein	Nichols
GI5	WP_010881980.1	575765  577129	V-type ATP synthase subunit I 2	Nichols
GI5	WP_010881981.1	577122  578147	hypothetical protein	Nichols
GI5	WP_010881982.1	578151  578363	hypothetical protein	Nichols
GI5	WP_010881983.1	578504  578905	protein-export membrane protein SecG	Nichols
GI5	WP_010881984.1	579055  579804	triose-phosphate isomerase	Nichols
GI5	WP_039487221.1	579955  581211	phosphoglycerate kinase	Nichols
GI5	WP_010881986.1	581186  581407	hypothetical protein	Nichols
GI5	WP_013945178.1	581694  582059	anti-sigma F factor antagonist	Nichols
GI5	WP_010881988.1	582189  583148	GTPase Era	Nichols
GI5	WP_010881989.1	583145  584866	pyrophosphate--fructose-6-phosphate 	Nichols
GI5	WP_010881990.1	584926  585609	Holliday junction DNA helicase RuvA	Nichols
GI5	WP_010881991.1	585651  587519	endonuclease	Nichols
GI5	WP_010881992.1	587544  588608	galactose ABC transporter substrate-binding protein	Nichols
GI5	WP_014342474.1	588693  590408	serine protease	Nichols
GI5	WP_010881994.1	590405  591535	4-hydroxy-3-methylbut-2-enyl diphosphate reductase	Nichols
GI5	WP_014505533.1	591494  591706	hypothetical protein	Nichols
GI5	WP_010881995.1	591679  592983	hypothetical protein	Nichols
GI5	WP_010881996.1	593081  595525	ATP-dependent Clp protease ATP-binding protein	Nichols
GI5	WP_010881997.1	595566  597053	tRNA uridine(34) 5-carboxymethylaminomethyl synthesis	Nichols
GI5	WP_010881998.1	597057  598145	phosphatase	Nichols
GI5	WP_010881999.1	598158  598691	hypothetical protein	Nichols
GI5	WP_010882000.1	598935  600146	membrane protein	Nichols
GI5	WP_014342481.1	600106  600849	phosphoglycolate phosphatase	Nichols
GI5	WP_010882002.1	600913 602103	glutamate/ aspartate transporter	Nichols
GI5	WP_010882003.1	602326  603318	asparagine synthetase A	Nichols
GI5	WP_010882004.1	603423  604136	hypothetical protein	Nichols
GI5	WP_010882009.1	609512  610648	spore coat protein	Nichols
GI5	WP_010882005.1	604166  605074	NiCoT family nickel (Ni2+)-cobalt (Co2+) transporter	Nichols
GI5	WP_010882006.1	605136  606341	tRNA sulfurtransferase ThiI	Nichols
GI5	WP_010882007.1	606394  608379	transketolase	Nichols
GI5	WP_014342486.1	608490  609410	hypothetical protein	Nichols
GI6	WP_010882059.1	665795  666943	Fe-S cluster assembly protein SufD	Nichols
GI6	WP_010882060.1	666940  668154	cysteine desulfurase	Nichols
GI6	WP_010882061.1	668205  668648	iron-sulfur cluster assembly scaffold protein NifU	Nichols
GI6	WP_010882062.1	668669  669433	ribose-5-phosphate isomerase	Nichols
GI6	WP_010882063.1	669460  669738	hypothetical protein	Nichols
GI6	TP_RS03125	669803  670193	hypothetical protein	Nichols
GI6	WP_025267598.1	670249  671064	hypothetical protein	Nichols
GI6	WP_010882066.1	671058  672887	hypothetical protein	Nichols
GI6	WP_010882067.1	672945  675221	hypothetical protein	Nichols
GI6	WP_010882068.1	675281  677062	Membrane protein	Nichols
GI6	WP_014342811.1	677028  678818	lytic transglycosylase	Nichols
GI7	WP_010882131.1	751098  752693	galactoside ABC transporter permease	Nichols
GI7	WP_010882132.1	752821  754881	ATP-dependent DNA helicase RecG	Nichols
GI7	WP_010882133.1	754937  755950	peptidase S66	Nichols
GI7	WP_010882134.1	755951  757333	ribosome biogenesis GTPase Der	Nichols
GI7	WP_010882135.1	757369  757950	hypothetical protein	Nichols
GI7	WP_010882136.1	757943  758701	segregation/condensation protein A	Nichols
GI7	WP_010882137.1	758729  759952	DNA recombination/repair protein RecA	Nichols
GI7	WP_010882138.1	760213  761535	hypothetical protein	Nichols
GI7	WP_010882139.1	761695  762372	5-formyltetrahydrofolate cyclo-ligase	Nichols
GI7	WP_010882140.1	762460  764253	phosphoribosylglycinamide formyltransferase	Nichols
GI7	WP_010882141.1	764241  765077	nicotinamidase	Nichols
GI7	WP_014505579.1	765139  765774	membrane protein	Nichols
GI7	WP_010882143.1	765778  766323	hypothetical protein	Nichols
GI7	WP_010882145.1	766436  766828	hypothetical protein	Nichols
GI7	WP_010882146.1	766966  767169	DNA-directed RNA polymerase subunit omega	Nichols
GI7	TP_RS03565	767339  768570	peptidase M23	Nichols
PI2	WP_010882272.1	895372  895749	holo-ACP synthase	Nichols
PI2	WP_010882273.1	895746  896630	membrane protein	Nichols
PI2	WP_010882274.1	896627  897469	tRNA pseudouridine(38,39,40) synthase TruA	Nichols
PI2	WP_010882275.1	897479  899248	arginine--tRNA ligase	Nichols
PI2	WP_010882276.1	899271  900086	hypothetical protein	Nichols
PI2	WP_010882277.1	900153  900875	hypothetical protein	Nichols
PI2	WP_014342602.1	900932  902161	tyrosine--tRNA ligase	Nichols
PI2	WP_010882279.1	902269  905073	hypothetical protein	Nichols
PI2	WP_010882280.1	905214  906038	hypothetical protein	Nichols
PI2	WP_014505623.1	906216  907964	threonine--tRNA ligase	Nichols
PI2	WP_014342829.1	908013  909668	heme ABC transporter ATP-binding protein	Nichols
PI2	WP_010882283.1	909752  910759	hypothetical protein	Nichols
PI2	WP_010882284.1	910864  913113	MFS transporter	Nichols
PI2	WP_014342830.1	913175  914749	serine protease	Nichols
PI2	WP_010882286.1	914944  915711	methionine aminopeptidase	Nichols
PI2	WP_010882287.1	915835  916659	molecular chaperone DnaJ	Nichols
PI2	WP_010882288.1	916752  917804	glyceraldehyde-3-phosphate dehydrogenase	Nichols
PI2	WP_010882289.1	917859  918449	hypothetical protein	Nichols
PI2	WP_010882290.1	918430  918756	hypothetical protein	Nichols
PI2	WP_010882291.1	918756  919091	hypothetical protein	Nichols
PI2	WP_010882292.1	919085  919453	50S ribosomal protein L20	Nichols
PI2	WP_010882293.1	919486  919686	50S ribosomal protein L35	Nichols
PI2	WP_014342611.1	919739  920260	translation initiation factor IF-3	Nichols
PI2	WP_010882295.1	920441  922615	DUF4954 domain-containing protein	Nichols
PI2	WP_010882296.1	922644  923642	prolipoprotein diacylglyceryl transferase	Nichols
PI3	WP_010882300.1	933121  934098	hypothetical protein	Nichols
PI3	WP_041610082.1	934095  934304	hypothetical protein	Nichols
PI3	WP_042492045.1	934451  935632	hypothetical protein	Nichols
PI3	TP_RS04315	935714  937199	hypothetical protein	Nichols
PI3	WP_010882305.1	937274  939181	glutamine--fructose-6-phosphate aminotransferase	Nichols
PI3	WP_010882306.1	939418  940212	peptidylprolyl isomerase	Nichols
PI3	WP_010882307.1	940347  941630	nitrogen fixation protein (nifS-2)	Nichols
PI3	WP_010882308.1	941689  943329	peptidoglycan-binding protein LysM	Nichols
PI3	WP_010882309.1	943363  944802	hypothetical protein	Nichols
PI3	TP_RS04345	944889  946819	AAA family ATPase	Nichols
PI3	WP_014342625.1	946958  947158	hypothetical protein	Nichols
PI3	WP_010882311.1	947148  948008	flagellin	Nichols
GI8	TP_RS04500	979546  982505	hypothetical protein	Nichols
GI8	WP_010882344.1	982544  983956	multidrug transporter MatE	Nichols
GI8	WP_010882345.1	983997  984878	carboxylesterase	Nichols
GI8	WP_010882346.1	984880  986478	UDP-N-acetylmuramoylalanine--D-glutamate ligase	Nichols
GI8	WP_010882348.1	986685  987056	30S ribosomal protein S16	Nichols
GI8	WP_014505648.1	987074  987307	KH domain-containing protein	Nichols
GI8	WP_014342637.1	987358  987894	16S rRNA processing protein RimM	Nichols
GI8	WP_010882351.1	987891  988643	tRNA (guanosine(37)-N1)-methyltransferase TrmD	Nichols
GI8	WP_010882352.1	988615  988986	50S ribosomal protein L19	Nichols
GI8	WP_010882353.1	988983  989903	hypothetical protein	Nichols
GI8	WP_010882354.1	989925  990176	hypothetical protein	Nichols
GI8	WP_014342841.1	990261  991511	c-di-GMP phosphodiesterase	Nichols
GI8	WP_010882356.1	991495  991875	YraN family protein	Nichols
GI8	WP_013945483.1	991872  992054	hypothetical protein	Nichols
GI8	WP_010882357.1	992047  992433	hypothetical protein	Nichols
GI8	WP_010882358.1	992507  993841	hypothetical protein	Nichols
GI8	WP_010882360.1	994010  995359	magnesium transporter	Nichols
GI8	WP_010882361.1	995374  996147	membrane protein	Nichols
GI8	WP_010882362.1	996173  996490	thiol reductase thioredoxin	Nichols
GI8	WP_014342843.1	996719  999142	hypothetical protein	Nichols
GI8	WP_010882364.1	999250 1000587	NADH oxidase	Nichols
GI8	TP_RS04605	1000660 1001709	hypothetical protein	Nichols
GI8	WP_010882366.1	1001653 1002672	membrane protein	Nichols
GI8	WP_010882367.1	1002996 1005332	tex protein (tex)	Nichols
GI8	WP_010882368.1	1005699 1006139	flavodoxin	Nichols
GI8	WP_010882369.1	1006290 1007828	signal peptidase I	Nichols
GI8	WP_041610083.1	1007852 1008124	hypothetical protein	Nichols
GI8	WP_014505652.1	1008298 1008510	hypothetical protein	Nichols
GI8	WP_010882371.1	1008605 1009345	hypothetical protein	Nichols
GI8	WP_010882372.1	1009357 1010127	hypothetical protein	Nichols
GI8	WP_010882373.1	1010151 1011872	hypothetical protein	Nichols
GI8	WP_010882374.1	1011956 1013386	hypothetical protein	Nichols
GI8	WP_010882376.1	1013498 1015120	UDP-N-acetylmuramyl-tripeptide synthetase	Nichols
GI8	WP_010882377.1	1015256 1016479	glutamate transporter	Nichols
GI8	WP_010882378.1	1016472 1017410	N-acetylphosphinothricin-tripetide-deacetylase	Nichols
GI8	WP_010882379.1	1017604 1018677	hemolysin	Nichols
GI8	WP_010882380.1	1018849 1019484	metal-dependent phosphodiesterase	Nichols
GI8	WP_010882381.1	1019481 1020311	hypothetical protein	Nichols
GI8	WP_010882382.1	1020376 1023930	pyruvate:ferredoxin (flavodoxin) oxidoreductase	Nichols
GI8	WP_010882384.1	1024125 1024643	hypothetical protein	Nichols
GI8	WP_010882385.1	1024720 1025184	flagellar export chaperone FliS	Nichols
GI8	WP_010882386.1           	1025190 1025636   	hypothetical protein	Nichols
GI8	WP_010882387.1              	1025685 1026857                                                              	hypothetical protein	Nichols
PI4	WP_010882402.1	1039134 1041032	TRAP transporter subunit DctM	Nichols
PI4	WP_010882403.1	1041101 1041490	hypothetical protein	Nichols
PI4	WP_010882404.1	1041502 1042296	flagellar basal body rod protein FlgG	Nichols
PI4	WP_010882405.1	1042372 1043187	flagellar basal body rod protein subunit C	Nichols
PI4	WP_010882406.1	1043273 1044505	macrolide ABC transporter permease	Nichols
PI4	WP_010882407.1	1044616 1045845	macrolide ABC transporter permease	Nichols
PI4	WP_010882408.1	1045835 1046542	macrolide ABC transporter ATP-binding protein	Nichols
PI4	WP_010882409.1	1046542 1047504	membrane protein	Nichols
PI4	WP_010882410.1	1047529 1049163	hypothetical protein	Nichols
PI4	WP_010882411.1	1049210 1050763	hypothetical protein	Nichols
PI4	WP_010882412.1	1050760 1052382	hypothetical protein	Nichols
PI4	WP_014342850.1	1052379 1053953	hypothetical protein	Nichols
PI4	WP_010882415.1	1054133 1054747	membrane protein	Nichols
PI4	WP_010882416.1	1054903 1056249	iron transporter pheS           	Nichols
PI4	WP_010882417.1	1056337 1057998	phenylalanine--tRNA ligase subunit alpha	Nichols
PI4	WP_010882418.1	1058050 1058331	hypothetical protein	Nichols
PI4	WP_010882419.1	1058383 1059207	rRNA (cytidine-2'-O-)-methyltransferase	Nichols
PI4	WP_010882420.1	1059255 1060634	hypothetical protein	Nichols
PI4	WP_010882421.1	1060621 1061481	Nif3-like dinuclear metal center hexameric protein	Nichols
PI4	WP_010882422.1	1061478 1062071	signal peptidase II	Nichols
PI4	WP_010882423.1	1062241 1063014	TatD family hydrolase	Nichols
PI1	WP_010881470.1              	25115   25381    	hypothetial protein	SamoaD
PI1	WP_014342234.1              	25459   27504    	hypothetial protein	SamoaD
PI1	WP_010881472.1              	27565   28896    	sodium-dependent transporter	SamoaD
PI1	WP_010881473.1              	29076   29786    	potassium transporter Trk	SamoaD
PI1	WP_010881474.1              	29865   32936	peptidase M16	SamoaD
PI1	WP_010881475.1              	32965   33987	flagellar motor swith protein FliG	SamoaD
PI1	WP_014342235.1              	34060   35433    	Hemolysin	SamoaD
PI1	WP_010881477.1              	35447   36808    	Hemolysin	SamoaD
PI1	WP_039487502.1              	36916   38193    	UDP-N-aetylgluosamine 1-arboxyvinyltransferase	SamoaD
PI1	WP_010881479.1             	38312   39946    	moleular haperone GroEL	SamoaD
PI1	WP_014342237.1              	40010   40288    	hypothetial protein	SamoaD
PI1	WP_010881481.1              	40285   41085	ribosomal RNA small subunit methyltransferase E	SamoaD
PI1	WP_014342238.1              	41082   41750	membrane protein	SamoaD
PI1	WP_014342239.1              	41794   42924	metal AB transporter substrate-binding protein	SamoaD
PI1	WP_010881484.1              	42942   43658    	metal AB transporter ATP-binding protein	SamoaD
PI1	WP_010881485.1              	43658   44458    	metal AB transporter permease	SamoaD
PI1	WP_010881486.1              	44567   45562	latate dehydrogenase	SamoaD
PI1	WP_014342240.1              	45659   46711	hypothetial protein	SamoaD
PI1	WP_014342241.1              	46739   46918    	hypothetial protein	SamoaD
PI1	WP_014342242.1              	46945   49389    	hemotaxis protein	SamoaD
PI1	WP_010881491.1              	49510   50442    	peptidoglyan-binding protein LysM	SamoaD
PI1		22054   24177    	VWA domain-ontaining protein	SamoaD
PI2	WP_014342259.1	89430   90278	xanthine dehydrogenase	SamoaD
PI2	WP_014342260.1	90325   91911	ATPase AAA	SamoaD
PI2				SamoaD
PI2	WP_014342262.1	92074   94056	hypothetial protein	SamoaD
PI2	WP_010881533.1	94136   94369	hypothetial protein	SamoaD
PI2	WP_010881534.1	94484   94930	PTS surose transporter subunit IIAB	SamoaD
PI2	WP_014342263.1	95011   95955	PilZ domain-ontaining protein	SamoaD
PI2	WP_014342264.1	95958   96521	hypothetial protein	SamoaD
PI2	WP_010881537.1	96481   97095	hypothetial protein	SamoaD
PI2	WP_010881538.1	97125   98360	Crp/Fnr family transriptional regulator	SamoaD
PI2	WP_014342265.1	98443   99507	UDP-N-aetylenolpyruvoylgluosamine redutase	SamoaD
PI2	WP_010881540.1	99689  101251	cysteine--tRNA ligase	SamoaD
PI2	WP_010881541.1	101322  101810	RNA polymerase subunit sigma-24	SamoaD
PI2	WP_010881542.1	101794  102441	hypothetial protein	SamoaD
PI2	WP_010881543.1	102579  103589	phosphate aetyltransferase	SamoaD
PI2	WP_010881544.1	103589  105535	hypothetial protein	SamoaD
PI2	WP_010881545.1	105609  105971	conjugal transfer protein TraR	SamoaD
PI2	WP_010881546.1	106141  106359	translation initiation fator IF-1	SamoaD
PI2	WP_014342266.1	106412  107068	moleular haperone DnaJ	SamoaD
PI2	WP_010881548.1	107072  107827	UMP kinase	SamoaD
PI2	WP_010881549.1	108022  108624	thioredoxin	SamoaD
PI2	WP_013944807.1	108617  109411	cytohrome  biogenesis protein 	SamoaD
PI2	WP_014342267.1	109449  111422	ATPase AAA	SamoaD
PI2		111487  113309	heliase	SamoaD
PI2		113556  115337	5'-nuleotidase	SamoaD
PI2	WP_014342269.1	115504  118497	DNA polymerase I	SamoaD
PI2	WP_013944811.1	118529  120061	carnitine transporter	SamoaD
PI2	WP_014342270.1	120042  121853	choline kinase	SamoaD
PI2	WP_010881557.1	121972  123357	ATP-dependent 6-phosphofrutokinase	SamoaD
PI2	WP_010881558.1	123459  124337	23S rRNA (guanosine(2251)-2'-O)-methyltransferase RlmB	SamoaD
PI2	WP_014342271.1	124878  126611	hypothetial protein	SamoaD
PI2	WP_014342272.1	126608  128098	RNA polymerase sigma-54 fator	SamoaD
PI2	WP_010881561.1	128095  129447	aminopeptidase  C	SamoaD
PI2	WP_013944820.1	129589  130575	HflK protein	SamoaD
PI2	WP_010881563.1	130580  131575	protease modulator Hfl	SamoaD
PI2	WP_010881564.1	131600  132409	hydroxymethylpyrimidine/phosphomethylpyrimidine kinase	SamoaD
PI2	WP_014342273.1	132560  134566	exinulease AB subunit B	SamoaD
PI2	WP_014342274.1	134598  136394	hypothetial protein	SamoaD
PI2	WP_010881567.1	136474  137739	hypothetial protein	SamoaD
PI2	WP_010881568.1	137837  138496	methionine AB transporter permease	SamoaD
PI2	WP_010881569.1	138496  139305	AB transporter	SamoaD
PI2	WP_014342276.1	139441  140502	KamA family radial SAM protein	SamoaD
PI2	WP_010881571.1	140722  142578	phosphoenolpyruvate carboxykinase	SamoaD
PI2	WP_014342277.1	142825  145254	hypothetial protein	SamoaD
PI2	WP_010881573.1	145268  146374	GTP-binding protein YhF	SamoaD
PI2	WP_014342278.1	146451  147245	exodeoxyribonulease III	SamoaD
PI2	WP_014342713.1	147309  147980	hypothetial protein	SamoaD
PI2		148508  148896	hypothetial protein	SamoaD
PI2		149133  149567	hypothetial protein	SamoaD
PI2	WP_012460519.1	149561  149941	hypothetial protein	SamoaD
PI2	WP_014342282.1	149835  150248	hypothetial protein	SamoaD
PI2	WP_010881577.1	150413  150760	hypothetial protein	SamoaD
PI2		150823  151221	hypothetial protein	SamoaD
PI2	WP_014342286.1	151553  151972	hypothetial protein	SamoaD
PI2	WP_014342287.1	152044  153834	hypothetial protein	SamoaD
PI2	WP_014342288.1	154035  155267	hypothetial protein	SamoaD
PI2	WP_014342289.1	155264  156394	hypothetial protein	SamoaD
PI2	WP_014342291.1	156572  157279	hypothetial protein	SamoaD
PI2	WP_014342292.1	157628  159040	hypothetial protein	SamoaD
PI2		159156  159347	hypothetial protein	SamoaD
PI2	WP_010881586.1	159294  160031	hypothetial protein	SamoaD
GI1	WP_010881751.1	315777  316718	AB transporter permease	SamoaD
GI1	WP_014342359.1	316705  318651	DNA mismath repair protein MutL	SamoaD
GI1	WP_014342360.1	318664  321780	hypothetial protein	SamoaD
GI1	WP_010881754.1	321707  323440	ATP synthase	SamoaD
GI1	WP_010881755.1	323605  324219	30S ribosomal protein S4	SamoaD
GI1	WP_014342361.1	324285  325334	serine/threonine protein kinase	SamoaD
GI1	WP_010881757.1	325309  326274	amino aid AB transporter substrate-binding protein	SamoaD
GI1	WP_014342362.1	326340  327158	amino aid AB transporter substrate-binding protein	SamoaD
GI1	WP_012460537.1	327127  327510	single-stranded DNA-binding protein	SamoaD
GI1	WP_010881761.1	327616  328629	DUF368 domain-ontaining protein	SamoaD
GI1	WP_014342364.1	328720  331008	hypothetial protein	SamoaD
GI1	WP_014342365.1	331064  331876	hypothetial protein	SamoaD
GI1	WP_014342366.1	331870  333699	hypothetial protein	SamoaD
GI1	WP_014342367.1	333759  336029	hypothetial protein	SamoaD
GI1	WP_014342368.1	336188  337249	BMP family AB transporter substrate-binding protein	SamoaD
GI1	WP_014342369.1	337490  339091	heme AB transporter ATP-binding protein	SamoaD
GI1	WP_010881770.1	339001  340203	AB transporter permease	SamoaD
GI1	WP_010881771.1	340200  341150	AB transporter permease	SamoaD
GI1	WP_014342370.1	341254  345660	membrane protein	SamoaD
GI2	WP_010881892.1	471963  472991	peptidoglyan-binding protein LysM	SamoaD
GI2	WP_014342427.1	473127  473756	4-methyl-5(B-hydroxyethyl)-thiazole monophosphate biosynthesis protein	SamoaD
GI2	WP_014342428.1	473753  475012	Hypothetical  Protein	SamoaD
GI2	WP_014342429.1	475009  476133	4-hydroxy-3-methylbut-2-en-1-yl diphosphate synthase	SamoaD
GI2	WP_010881896.1	476191  477273	hypothetial protein	SamoaD
GI2	WP_010881897.1	477277  477867	urail phosphoribosyltransferase	SamoaD
GI2	WP_010881898.1	478004  480055	hypothetial protein	SamoaD
GI2	WP_014342431.1	480505  483780	isoleuine--tRNA ligase	SamoaD
GI3	WP_010881971.1	565015  566169	undeaprenyldiphospho-muramoylpentapeptide beta-	SamoaD
GI3	WP_010881972.1	566173  568818	Lon protease	SamoaD
GI3	WP_010881973.1	568954  569517	elongation fator P	SamoaD
GI3	WP_013945164.1	569514  569666	hypothetial protein	SamoaD
GI3	WP_010881974.1	569665  571671	DEAD/DEAH box heliase	SamoaD
GI3	WP_010881975.1	571719  572348	V-type ATP synthase subunit D 2	SamoaD
GI3	WP_010881976.1	572443  573885	ATP synthase subunit beta	SamoaD
GI3	WP_012460566.1	573882  575699	ATP synthase subunit A	SamoaD
GI3	WP_010881978.1	575696  576322	ATPase	SamoaD
GI3	WP_014342462.1	576328  576645	ATPase	SamoaD
GI3		576668  576964	ATP synthase subunit K	SamoaD
GI3	WP_014342463.1	576966  578651	ATP synthase subunit I	SamoaD
GI3	WP_010881981.1	578644  579669	hypothetial protein	SamoaD
GI3	WP_014342464.1	579673  579996	hypothetial protein	SamoaD
GI3	WP_014342465.1	580014  580430	preprotein transloase subunit SeG	SamoaD
GI3		580348  580554	hypothetial protein	SamoaD
GI3	WP_010881984.1	580580  581329	triose-phosphate isomerise	SamoaD
GI3	WP_039487221.1	581480  582739	phosphoglyerate kinase	SamoaD
GI3		582781  582963	hypothetial protein	SamoaD
GI3	WP_013945178.1	583219  583584	anti-sigma F fator antagonist	SamoaD
GI3		583596  583823	hypothetial protein	SamoaD
GI3		583714  584673	GTPase Era	SamoaD
GI3	WP_014342471.1	584670  586391	pyrophosphate--frutose-6-phosphate 1-phosphotransferase	SamoaD
GI3	WP_010881990.1	586451  587134	Holliday juntion branh migration protein RuvA	SamoaD
GI3	WP_014342473.1	587176  589050	Endonulease	SamoaD
GI3	WP_010881992.1	589075  590139	galatose AB transporter substrate-binding protein	SamoaD
GI3	WP_014342474.1	590224  591939	serine protease	SamoaD
GI3	WP_014342475.1	591936  593066	4-hydroxy-3-methylbut-2-enyl diphosphate redutase	SamoaD
GI3	WP_014342476.1	593025  593237	hypothetial protein	SamoaD
GI3	WP_014342477.1	593210  594508	hypothetial protein	SamoaD
GI3		594492  594689	hypothetial protein	SamoaD
GI3	WP_014342479.1	594658  597102	Clp ptoease ATP-binding protein	SamoaD
GI3	WP_014342480.1	597143  598630	tRNA uridine-5-arboxymethylaminomethyl(34) synthesis GTPase MnmE	SamoaD
GI3	WP_010881998.1	598634  599722	Phosphatise	SamoaD
GI3	WP_010881999.1	599735  600268	hypothetial protein	SamoaD
GI3	WP_010882000.1	600512  601723	membrane protein	SamoaD
GI3	WP_014342481.1	601683  602426	phosphoglyolate phosphatise	SamoaD
GI3	WP_014342482.1	602500  603681	amino aid:ation symporter	SamoaD
GI3	WP_014342483.1	603904  604908	asparagine synthetase A	SamoaD
GI3	WP_010882004.1	605001  605714	hypothetial protein	SamoaD
GI3	WP_010882005.1	605744  606652	NioT family nikel (Ni2+)-obalt (o2+) transporter	SamoaD
GI3	WP_014342484.1	606714  607919	tRNA 4-thiouridine(8) synthase ThiI	SamoaD
GI3	WP_014342485.1	607972  609957	Transketolase	SamoaD
GI3	WP_014342486.1	610068  610988	hypothetial protein	SamoaD
GI3	WP_010882009.1	611090  612226	spore coat protein	SamoaD
GI4	WP_010882059.1	667390  668538	Fe-S luster assembly protein SufD	SamoaD
GI4	WP_010882060.1	668535  669749	cysteine desulfurase	SamoaD
GI4	WP_010882061.1	669800  670243	iron-sulfur luster assembly saffold protein NifU	SamoaD
GI4	WP_010882062.1	670264  671028	ribose-5-phosphate isomerise	SamoaD
GI4	WP_010882063.1	671055  671333	hypothetial protein	SamoaD
GI4	WP_014342510.1	671398  671787	hypothetial protein	SamoaD
GI4	WP_014342365.1	671843  672655	hypothetial protein	SamoaD
GI4	WP_014342366.1	672649  674478	hypothetial protein	SamoaD
GI4	WP_014342367.1	674537  676807	hypothetial protein	SamoaD
GI4	WP_010882068.1	676867  678648	membrane protein	SamoaD
GI4	WP_014342511.1	678614  680404	lyti transglyosylase	SamoaD
GI5	WP_010882106.1	725237  725749	hypothetial protein	SamoaD
GI5	WP_010882107.1	725872  726870	frutose-bisphosphate aldolase	SamoaD
GI5	WP_014342526.1	727137  727865	membrane protein	SamoaD
GI5	WP_014342527.1	727862  728587	flagellar filament protein FlaA	SamoaD
GI5	WP_014342528.1	728605  729360	hypothetial protein	SamoaD
GI5	WP_014342529.1	729357  729650	hypothetial protein	SamoaD
GI5	WP_014342530.1	729694  731349	nuleoside kinase	SamoaD
GI5	WP_014342531.1	731592  732194	YggT family protein	SamoaD
GI5	WP_010882114.1	732191  735703	DNA polymerase III subunit alpha	SamoaD
GI5		735857  737047	D-alanine--D-alanine ligase A	SamoaD
GI5	WP_014342533.1	737049  738050	1,2-diaylglyerol holinephosphotransferase	SamoaD
GI5	WP_014505572.1	738114  739589	glyine--tRNA ligase	SamoaD
GI5	WP_010882118.1	739637  741250	glutamate--tRNA ligase	SamoaD
GI5	WP_010882119.1	741428  742036	hypothetial protein	SamoaD
GI5	WP_010882120.1	742042  743040	hypothetial protein	SamoaD
GI5	WP_010882121.1	743052  743330	hypothetial protein	SamoaD
GI5	WP_010882122.1	743352  743960	hypothetial protein	SamoaD
GI5	WP_010882123.1	744214  745137	hypothetial protein	SamoaD
GI5	WP_010882124.1	745134  745451	hypothetial protein	SamoaD
GI5	WP_014342536.1	745492  746550	tRNA (adenosine(37)-N6)-threonylarbamoyltransferase omplex	SamoaD
GI5	WP_012460586.1	746601  747734	transferase               	SamoaD
GI5	WP_010882127.1	747763  748365		SamoaD
GI5	WP_013945292.1	748419  749552	alanine raemase	SamoaD
GI5		749455  749700	ribosomal RNA large subunit methyltransferase E	SamoaD
GI5	WP_014342538.1	749845  751056	otaprenyl-diphosphate synthase	SamoaD
GI6	WP_010882131.1	752681  754276	galatoside AB transporter permease	SamoaD
GI6	WP_010882132.1	754404  756464	ATP-dependent DNA heliase ReG	SamoaD
GI6	WP_010882133.1	756520  757533	LD-arboxypeptidase	SamoaD
GI6	WP_010882134.1	757534  758916	GTPase Der	SamoaD
GI6	WP_010882135.1	758952  759533	hypothetial protein	SamoaD
GI6	WP_014342540.1	759526  760284	segregation/ondensation protein A	SamoaD
GI6	WP_014342541.1	760312  761535	DNA reombination/repair protein ReA	SamoaD
GI6	WP_010882138.1	761796  763118	hypothetial protein	SamoaD
GI6	WP_010882139.1	763278  763955	5-formyltetrahydrofolate ylo-ligase	SamoaD
GI6	WP_014342542.1	764043  765836	phosphoribosylglyinamide formyltransferase	SamoaD
GI6	WP_014342543.1	765824  766660	Niotinamidase	SamoaD
GI6	WP_014342544.1	766722  767357	membrane protein	SamoaD
GI6	WP_014342545.1	767361  767906	hypothetial protein	SamoaD
GI6	WP_010882145.1	768019  768411	hypothetial protein	SamoaD
GI6	WP_010882146.1	768549  768752	DNA-direted RNA polymerase subunit omega	SamoaD
GI6	WP_014342546.1	768922  770154	peptidase M23	SamoaD
GI7	WP_014342615.1	931170  934553	hypothetial protein	SamoaD
GI7	WP_014342616.1	934709  935893	hypothetial protein	SamoaD
GI7	WP_050812703.1	935995  937224	hypothetial protein	SamoaD
GI7	WP_014342619.1	937306  938805	hypothetial protein	SamoaD
GI7	WP_014342620.1	938878  940785	glutamine--frutose-6-phosphate aminotransferase	SamoaD
GI7	WP_010882306.1	941022  941816	peptidylprolyl isomerise	SamoaD
GI7	WP_010882307.1	941951  943234	aminotransferase lass V-fold PLP-dependent enzyme	SamoaD
GI7	WP_014342622.1	943293  944933	peptidoglyan-binding protein LysM	SamoaD
GI7	WP_014342623.1	944967  946412	hypothetial protein	SamoaD
GI7	WP_014342624.1	946500  948431	ATPase AAA	SamoaD
GI7		948406  948591	hypothetial protein	SamoaD
GI7	WP_014342625.1	948570  948770	hypothetial protein	SamoaD
GI7	WP_010882311.1	948760  949620	Flagellin	SamoaD
GI8	WP_014342635.1	981235  984195	hypothetial protein	SamoaD
GI8	WP_010882344.1	984234  985646	multidrug transporter MatE	SamoaD
GI8	WP_010882345.1	985687  986568	Carboxylesterase	SamoaD
GI8	WP_014342636.1	986570  988168	UDP-N-aetylmuramoyl-L-alanine--D-glutamate ligase	SamoaD
GI8	WP_010882348.1	988375  988746	30S ribosomal protein S16	SamoaD
GI8	WP_014505648.1	988755  988997	KH domain-ontaining protein	SamoaD
GI8	WP_014342637.1	989048  989584	16S rRNA proessing protein RimM	SamoaD
GI8	WP_010882351.1	989581  990333	tRNA (guanosine(37)-N1)-methyltransferase TrmD	SamoaD
GI8	WP_010882352.1	990305  990676	50S ribosomal protein L19	SamoaD
GI8	WP_010882353.1	990673  991593	hypothetial protein	SamoaD
GI8	WP_010882354.1	991615  991866	hypothetial protein	SamoaD
GI8	WP_014342640.1	991950  993200	c-di-GMP phosphodiesterase	SamoaD
GI8	WP_013945482.1	993184  993564	YraN family protein	SamoaD
GI8	WP_013945483.1	993561  993743	hypothetial protein	SamoaD
GI8	WP_010882357.1	993736  994122	hypothetial protein	SamoaD
GI8	WP_010882358.1	994196  995530	hypothetial protein	SamoaD
GI8	WP_013945485.1	995699  997048	magnesium transporter	SamoaD
GI8	WP_010882361.1	997063  997836	membrane protein	SamoaD
GI8	WP_010882362.1	997862  998179	thiol redutase thioredoxin	SamoaD
GI8	WP_014342643.1	998408 1000831	hypothetial protein	SamoaD
GI8	WP_010882364.1	1000939 1002276	NADH oxidase	SamoaD
GI8	WP_014342644.1	1002349 1003401	hypothetial protein	SamoaD
GI8	WP_014342645.1	1003345 1004367	membrane protein	SamoaD
GI8	WP_014342646.1	1004691 1007027	transriptional aessory protein	SamoaD
GI8	WP_010882368.1	1007394 1007834	Flavodoxin	SamoaD
GI8	WP_014342648.1	1007985 1009820	signal peptidase I	SamoaD
GI8	WP_014505652.1	1009919 1010206	hypothetial protein	SamoaD
GI8	WP_014342651.1	1010301 1011824	hypothetial protein	SamoaD
GI8	WP_010882373.1	1011848 1013569	hypothetial protein	SamoaD
GI8	WP_010882374.1	1013653 1015083	hypothetial protein	SamoaD
GI8	WP_010882376.1	1015195 1016817	UDP-N-aetylmuramyl-tripeptide synthetase	SamoaD
GI8	WP_014342653.1	1016953 1018176	glutamate transporter	SamoaD
GI8	WP_010882378.1	1018169 1019107	N-aetylphosphinothriin-tripetide-deaetylase	SamoaD
GI8	WP_014342655.1	1019301 1020374	Hemolysin	SamoaD
GI8	WP_010882380.1	1020546 1021181	metal-dependent phosphodiesterase	SamoaD
GI8	WP_014342656.1	1021178 1022008	hypothetial protein	SamoaD
GI8	WP_010882382.1	1022073 1025627	pyruvate:ferredoxin (flavodoxin) oxidoredutase	SamoaD
GI8	WP_010882384.1	1025822 1026340	hypothetial protein	SamoaD
GI8	WP_010882385.1	1026417 1026881	hypothetial protein	SamoaD
GI8	WP_014342657.1	1026887 1027333	flagellar export haperone FliS	SamoaD
GI8	WP_010882387.1	1027382 1028554	hypothetial protein	SamoaD
PI3	WP_014342665.1	1040833 1042731	TRAP transporter permease DtM/Q	SamoaD
PI3	WP_014342666.1	1042800 1043189	hypothetial protein	SamoaD
PI3	WP_010882404.1	1043201 1043995	flagellar basal body rod protein FlgG	SamoaD
PI3	WP_010882405.1	1044071 1044886	flagellar basal-body rod protein FlgF	SamoaD
PI3	WP_010882406.1	1044972 1046204	marolide AB transporter permease	SamoaD
PI3	WP_010882407.1	1046315 1047544	marolide AB transporter permease	SamoaD
PI3	WP_010882408.1	1047534 1048241	marolide AB transporter ATP-binding protein	SamoaD
PI3	WP_010882409.1	1048241 1049203	membrane protein	SamoaD
PI3	WP_014342667.1	1049228 1050862	hypothetial protein	SamoaD
PI3	WP_014342668.1	1050909 1052456	hypothetial protein	SamoaD
PI3	WP_014342669.1	1052453 1054075	hypothetial protein	SamoaD
PI3	WP_014342670.1	1054072 1055646	hypothetial protein	SamoaD
PI3	WP_010882415.1	1055826 1056440	membrane protein	SamoaD
PI3	WP_014342672.1	1056596 1057942	iron transporter	SamoaD
PI3	WP_010882417.1	1058030 1059691	phenylalanine--tRNA ligase subunit alpha	SamoaD
PI3	WP_010882418.1	1059743 1060024	hypothetial protein	SamoaD
PI3	WP_010882419.1	1060076 1060900	rRNA (ytidine-2'-O-)-methyltransferase	SamoaD
PI3	WP_010882420.1	1060947 1062326	hypothetial protein	SamoaD
PI3	WP_010882421.1	1062313 1063173	Nif3-like dinulear metal enter hexameri protein	SamoaD
PI3	WP_012460612.1	1063170 1063763	signal peptidase II	SamoaD
PI3	WP_010882423.1	1063933 1064706	TatD family hydrolase	SamoaD
PI1	WP_012460510.1	22054..24177	VWA domain-ontaining protein	BosniaD
PI1	WP_010881470.1	25115..25381	hypothetical protein	BosniaD
PI1	WP_014342234.1	25459..27504	hypothetical protein	BosniaD
PI1	WP_010881472.1	27565..28896	sodium-dependent tryptophan transporter	BosniaD
PI1	WP_010881473.1	29076..29786	potassium transporter Trk	BosniaD
PI1	WP_010881474.1	29865..32936	hypothetical protein	BosniaD
PI1	WP_010881475.1	32965..33987	flagellar motor switch protein FliG	BosniaD
PI1	WP_014342235.1	34060..35433	Hemolysin	BosniaD
PI1	WP_010881477.1	35447..36808	Hemolysin	BosniaD
PI1	WP_039487502.1	36916..38193	UDP-N-acetylglucosamine 1-carboxyvinyltransferase	BosniaD
PI1	WP_010881479.1	38312..39946	molecular chaperone GroEL	BosniaD
PI1	WP_014342237.1	40010..40288	hypothetical protein	BosniaD
PI1	WP_010881481.1	40285..41085	ribosomal RNA small subunit methyltransferase E	BosniaD
PI1	WP_014342238.1	41082..41750	membrane protein	BosniaD
PI1	WP_039486943.1	41794..42924	metal ABC transporter substrate-binding protein	BosniaD
PI1	WP_010881484.1	42942..43658	metal ABC transporter ATP-binding protein	BosniaD
PI1	WP_010881485.1	43658..44458	metal ABC transporter permease	BosniaD
PI1	WP_010881486.1	44567..45562	lactate dehydrogenase	BosniaD
PI1	WP_014342240.1	45659..46711	hypothetical protein	BosniaD
PI1	WP_014342241.1	46739..46918	hypothetical protein	BosniaD
PI1	WP_039486948.1	46945..49392	chemotaxis protein	BosniaD
PI1	WP_010881491.1	49513..50445	peptidoglycan-binding protein LysM	BosniaD
PI2	WP_014342259.1	89727..90575	xanthine dehydrogenase	BosniaD
PI2	WP_014342260.1	90622..92208	ATPase AAA	BosniaD
PI2	WP_014342262.1	92372..94354	hypothetical protein	BosniaD
PI2	WP_010881533.1	94434..94667	hypothetical protein	BosniaD
PI2	WP_010881534.1	94782..95228	PTS sucrose transporter subunit IIABC	BosniaD
PI2	WP_014342263.1	95296..96240	pilus assembly protein PilZ	BosniaD
PI2	WP_014342264.1	96243..96806	hypothetical protein	BosniaD
PI2	WP_010881537.1	96766..97380	hypothetical protein	BosniaD
PI2	WP_010881538.1	97410..98645	Crp/Fnr family transcriptional regulator	BosniaD
PI2	WP_014342265.1	98728..99792	UDP-N-acetylenolpyruvoylglucosamine reductase	BosniaD
PI2	WP_010881540.1	99974..101536	cysteine--tRNA ligase	BosniaD
PI2	WP_052236648.1	101607..102095	RNA polymerase subunit sigma-24	BosniaD
PI2	WP_010881542.1	102079..102726	hypothetical protein	BosniaD
PI2	WP_010881543.1	102864..103874	phosphate acetyltransferase	BosniaD
PI2	WP_039486982.1	103874..105820	hypothetical protein	BosniaD
PI2	WP_010881545.1	105894..106256	conjugal transfer protein TraR	BosniaD
PI2	WP_010881546.1	106426..106644	translation initiation factor IF-1	BosniaD
PI2	WP_039486983.1	106697..107353	molecular chaperone DnaJ	BosniaD
PI2	WP_010881548.1	107357..108112	UMP kinase	BosniaD
PI2	WP_010881549.1	108307..108909	Thioredoxin	BosniaD
PI2	WP_013944807.1	108902..109696	cytochrome c biogenesis protein	BosniaD
PI2	WP_014342267.1	109734..111707	ATPase AAA	BosniaD
PI2	WP_014342268.1	111772..113703	Helicase	BosniaD
PI2	WP_039487510.1	113841..115622	NAD nucleotidase	BosniaD
PI2	WP_014342269.1	115789..118782	DNA polymerase I	BosniaD
PI2	WP_013944811.1	118814..120346	carnitine transporter	BosniaD
PI2	WP_014342767.1	120327..122018	choline kinase	BosniaD
PI2	WP_010881557.1	122257..123642	ATP-dependent 6-phosphofructokinase	BosniaD
PI2	WP_010881558.1	123744..124622	23S rRNA (guanosine(2251)-2'-O)-methyltransferase RlmB	BosniaD
PI2	WP_039486990.1	125163..126896	hypothetical protein	BosniaD
PI2	WP_014342272.1	126893..128383	RNA polymerase sigma-54 factor	BosniaD
PI2	WP_010881561.1	128380..129732	aminopeptidase C	BosniaD
PI2	WP_013944820.1	129874..130860	HflK protein	BosniaD
PI2	WP_010881563.1	130865..131860	protease modulator HflC	BosniaD
PI2	WP_010881564.1	131885..132694	hydroxymethylpyrimidine/phosphomethylpyrimidine kinase	BosniaD
PI2	WP_014342273.1	132845..134851	excinuclease ABC subunit B	BosniaD
PI2	WP_039486996.1	134883..136679	hypothetical protein	BosniaD
PI2	WP_039487002.1	136759..138024	hypothetical protein	BosniaD
PI2	WP_010881568.1	138122..138781	methionine ABC transporter permease	BosniaD
PI2	WP_010881569.1	138781..139590	ABC transporter	BosniaD
PI2	WP_039487006.1	139726..140787	radical SAM protein	BosniaD
PI2	WP_010881571.1	141007..142863	phosphoenolpyruvate carboxykinase	BosniaD
PI2	WP_014342277.1	143110..145539	hypothetical protein	BosniaD
PI2	WP_010881573.1	145553..146659	GTP-binding protein YchF	BosniaD
PI2	WP_010881574.1	146736..147530	exodeoxyribonuclease III	BosniaD
PI2	WP_014342713.1	147594..148265	hypothetical protein	BosniaD
PI2	WP_014342714.1	148319..148969	hypothetical protein	BosniaD
PI2	WP_012460519.1	149844..150224	hypothetical protein	BosniaD
PI2	WP_014342282.1	150118..150531	hypothetical protein	BosniaD
PI2	WP_010881577.1	150696..151043	hypothetical protein	BosniaD
PI2	WP_014342286.1	151836..152255	hypothetical protein	BosniaD
PI2	WP_039487014.1	152327..154117	hypothetical protein	BosniaD
PI2	WP_014342288.1	154318..155550	hypothetical protein	BosniaD
PI2	WP_039487017.1	155547..156677	hypothetical protein	BosniaD
PI2	WP_014342291.1	156855..157562	hypothetical protein	BosniaD
PI2	WP_039487514.1	157911..159386	hypothetical protein	BosniaD
PI2	WP_010881586.1	159640..160377	hypothetical protein	BosniaD
GI1	WP_010881892.1	469782..470810	peptidoglycan-binding protein LysM	BosniaD
GI1	WP_014342427.1	470946..471575	4-methyl-5(B-hydroxyethyl)-thiazole monophosphate biosynthesis protein	BosniaD
GI1	WP_014342428.1	471572..472831	Hypothetical protein 	BosniaD
GI1	WP_014342429.1	472828..473952	4-hydroxy-3-methylbut-2-en-1-yl diphosphate synthase	BosniaD
GI1	WP_010881896.1	474010..475092	Hypothetical protein	BosniaD
GI1	WP_010881897.1	475096..475686	uracil phosphoribosyltransferase	BosniaD
GI1	WP_010881898.1	475823..477874	elongation factor G	BosniaD
GI1	WP_014342430.1	477962..478246	Permease	BosniaD
GI2	WP_010881971.1	563016..564170	UDP-N-acetylglucosamine--N-acetylmuramyl-(pentapeptide) pyrophosphoryl-undecaprenol N-acetylglucosamine transferase	BosniaD
GI2	WP_010881972.1	564174..566819	Lon protease	BosniaD
GI2	WP_010881973.1	566955..567518	elongation factor P	BosniaD
GI2	WP_013945164.1	567515..567667	Lectin	BosniaD
GI2	WP_010881974.1	567666..569672	DEAD/DEAH box helicase	BosniaD
GI2	WP_010881975.1	569720..570349	V-type ATP synthase subunit D 2	BosniaD
GI2	WP_010881976.1	570444..571886	ATP synthase subunit beta	BosniaD
GI2	WP_012460566.1	571883..573700	ATP synthase subunit A	BosniaD
GI2	WP_039487215.1	573697..574323	ATPase	BosniaD
GI2	WP_014342462.1	574329..574646	ATPase	BosniaD
GI2	WP_042492037.1	574669..574923	ATP synthase subunit K	BosniaD
GI2	WP_014342463.1	574967..576652	ATP synthase subunit I	BosniaD
GI2	WP_010881981.1	576645..577670	hypothetical protein	BosniaD
GI2	WP_014342464.1	577674..577997	hypothetical protein	BosniaD
GI2	WP_014342465.1	578015..578431	preprotein translocase subunit SecG	BosniaD
GI2	WP_039487221.1	579481..580737	phosphoglycerate kinase	BosniaD
GI2	WP_013945178.1	581220..581585	anti-sigma F factor antagonist	BosniaD
GI2	WP_014342470.1	581715..582674	GTPase Era	BosniaD
GI2	WP_014342471.1	582671..584392	pyrophosphate--fructose-6-phosphate 1-phosphotransferase	BosniaD
GI2	WP_010881990.1	584452..585135	Holliday junction DNA helicase RuvA	BosniaD
GI2	WP_039487224.1	585177..587051	Endonuclease	BosniaD
GI2	WP_010881992.1	587076..588140	galactose ABC transporter substrate-binding protein	BosniaD
GI2	WP_014342474.1	588225..589940	serine protease	BosniaD
GI2	WP_010881994.1	589937..591067	4-hydroxy-3-methylbut-2-enyl diphosphate reductase	BosniaD
GI2	WP_014505533.1	591026..591238	hypothetical protein	BosniaD
GI2	WP_039487227.1	591211..592509	hypothetical protein	BosniaD
GI2	WP_039487229.1	592659..595103	Clp protease ATP-binding protein	BosniaD
GI2	WP_014342480.1	595144..596631	tRNA uridine(34) 5-carboxymethylaminomethyl synthesis GTPase MnmE	BosniaD
GI2	WP_010881998.1	596635..597723	Phosphatase	BosniaD
GI2	WP_010881999.1	597736..598269	hypothetical protein	BosniaD
GI2	WP_010882000.1	598513..599724	membrane protein	BosniaD
GI2	WP_014342481.1	599684..600427	phosphoglycolate phosphatise	BosniaD
GI2	WP_014342482.1	600501..601682	amino acid:cation symporter	BosniaD
GI2	WP_014342483.1	601905..602909	asparagine synthetase A	BosniaD
GI2	WP_010882004.1	603002..603715	hypothetical protein	BosniaD
GI2	WP_039487237.1	603745..604653	cobalt transporter	BosniaD
GI2	WP_014342484.1	604715..605920	tRNA sulfurtransferase ThiI	BosniaD
GI2	WP_014342485.1	605973..607958	Transketolase	BosniaD
GI2	WP_014342486.1	608069..608989	hypothetical protein	BosniaD
GI2	WP_039487240.1	609091..610227	spore coat protein	BosniaD
GI2	WP_014505535.1	610224..610631	molecular chaperone DnaJ	BosniaD
GI2	WP_014342487.1	610628..612664	hypothetical protein	BosniaD
GI3	WP_010882059.1	665379..666527	Fe-S cluster assembly protein SufD	BosniaD
GI3	WP_010882060.1	666524..667738	cysteine desulfurase	BosniaD
GI3	WP_010882061.1	667789..668232	iron-sulfur cluster assembly scaffold protein NifU	BosniaD
GI3	WP_010882062.1	668253..669017	ribose-5-phosphate isomerise	BosniaD
GI3	WP_039487265.1	669044..669322	hypothetical protein	BosniaD
GI3	WP_014342510.1	669387..669776	hypothetical protein	BosniaD
GI3	WP_014342365.1	669832..670644	hypothetical protein	BosniaD
GI3	WP_039487267.1	670638..672467	hypothetical protein	BosniaD
GI3	WP_039487270.1	672526..674796	hypothetical protein	BosniaD
GI3	WP_010882068.1	674854..676635	membrane protein	BosniaD
GI3	WP_014342511.1	676601..678391	lytic transglycosylase	BosniaD
GI4	WP_010882131.1	750674..752269	galactoside ABC transporter permease	BosniaD
GI4	WP_039487304.1	752397..754457	ATP-dependent DNA helicase RecG	BosniaD
GI4	WP_010882133.1	754513..755526	peptidase S66	BosniaD
GI4	WP_039487308.1	755527..756909	GTPase Der	BosniaD
GI4	WP_010882135.1	756945..757526	hypothetical protein	BosniaD
GI4	WP_014342540.1	757519..758277	segregation/condensation protein A	BosniaD
GI4	WP_014342541.1	758305..759528	DNA recombination/repair protein RecA	BosniaD
GI4	WP_010882138.1	759789..761111	hypothetical protein	BosniaD
GI4	WP_010882139.1	761271..761948	5-formyltetrahydrofolate cyclo-ligase	BosniaD
GI4	WP_039487311.1	762036..763829	phosphoribosylglycinamide formyltransferase	BosniaD
GI4	WP_014342543.1	763817..764653	Nicotinamidase	BosniaD
GI4	WP_014342544.1	764715..765350	membrane protein	BosniaD
GI4	WP_014342545.1	765354..765899	hypothetical protein	BosniaD
GI4	WP_010882145.1	766012..766404	hypothetical protein	BosniaD
GI4	WP_010882146.1	766542..766745	DNA-directed RNA polymerase subunit omega	BosniaD
GI4	WP_014342546.1	766915..768147	peptidase M23	BosniaD
GI5	WP_010882248.1	870761..871969	Phosphoesterase	BosniaD
GI5	WP_012460593.1	872047..873210	sugar ABC transporter ATP-binding protein	BosniaD
GI5	WP_014342589.1	873235..875337	exoribonuclease II	BosniaD
GI5	WP_010882251.1	875337..876833	peptidoglycan bridge formation protein FemAB	BosniaD
GI5	WP_010882252.1	876962..877150	50S ribosomal protein L32	BosniaD
GI5	WP_010882253.1	877211..877447	acyl carrier protein	BosniaD
GI5	WP_010882254.1	877444..878208	ribonuclease 3	BosniaD
GI5	WP_010882255.1	878239..879150	DNA adenine methylase	BosniaD
GI5	WP_039487361.1	879366..880349	hypothetical protein	BosniaD
GI5	WP_025267608.1	880321..881004	hypothetical protein	BosniaD
GI5	WP_014342591.1	881022..882044	hypothetical protein	BosniaD
GI5	WP_010882258.1	882267..883190	thioredoxin reductase	BosniaD
GI5	WP_010882259.1	883312..884295	GNAT family acetyltransferase	BosniaD
GI5	WP_010882260.1	884367..885032	hypothetical protein	BosniaD
GI5	WP_010882261.1	885170..886468	Enolase	BosniaD
GI5	WP_014342594.1	886644..887570	ribonuclease Z	BosniaD
GI5	WP_012460594.1	887604..888374	hypothetical protein	BosniaD
GI5	WP_010882265.1	888470..889276	hypothetical protein	BosniaD
GI5	WP_010882266.1	889357..890262	mechanosensitive ion channel protein MscS	BosniaD
GI5	WP_010882267.1	890350..890736	desulfoferrodoxin (rbo)	BosniaD
GI5	WP_010882268.1	891133..893025	1-deoxy-D-xylulose-5-phosphate synthase	BosniaD
GI6	WP_039487390.1	932702..933892	hypothetical protein	BosniaD
GI6	WP_052236649.1	934039..935217	hypothetical protein	BosniaD
GI6	WP_039487395.1	935299..936786	hypothetical protein	BosniaD
GI6	WP_039487397.1	936861..938768	glutamine--fructose-6-phosphate aminotransferase	BosniaD
GI6	WP_010882306.1	939005..939799	peptidylprolyl isomerise	BosniaD
GI6	WP_010882307.1	939934..941217	nitrogen fixation protein (nifS-2	BosniaD
GI6	WP_010882308.1	941276..942916	peptidoglycan-binding protein LysM	BosniaD
GI6	WP_039487400.1	942950..944371	hypothetical protein	BosniaD
GI6	WP_039487401.1	944459..946390	ATPase AAA	BosniaD
GI6	WP_014342625.1	946529..946729	hypothetical protein	BosniaD
GI6	WP_010882311.1	946719..947579	Flagellin	BosniaD
GI7	WP_014342635.1	979164..982124	hypothetical protein	BosniaD
GI7	WP_010882344.1	982163..983575	multidrug transporter MatE	BosniaD
GI7	WP_010882345.1	983616..984497	Carboxylesterase	BosniaD
GI7	WP_014342636.1	984499..986097	UDP-N-acetylmuramoylalanine--D-glutamate ligase	BosniaD
GI7	WP_010882348.1	986304..986675	30S ribosomal protein S16	BosniaD
GI7	WP_014505648.1	986693..986926	KH domain-containing protein	BosniaD
GI7	WP_014342637.1	986977..987513	16S rRNA processing protein RimM	BosniaD
GI7	WP_010882351.1	987510..988262	tRNA (guanosine(37)-N1)-methyltransferase TrmD	BosniaD
GI7	WP_010882352.1	988234..988605	50S ribosomal protein L19	BosniaD
GI7	WP_039487430.1	988602..989522	hypothetical protein	BosniaD
GI7	WP_010882354.1	989544..989795	hypothetical protein	BosniaD
GI7	WP_014342640.1	989879..991129	c-di-GMP phosphodiesterase	BosniaD
GI7	WP_013945482.1	991113..991493	YraN family protein	BosniaD
GI7	WP_013945483.1	991490..991672	hypothetical protein	BosniaD
GI7	WP_010882357.1	991665..992051	hypothetical protein	BosniaD
GI7	WP_039487434.1	992125..993459	hypothetical protein	BosniaD
GI7	WP_013945485.1	993628..994977	magnesium transporter	BosniaD
GI7	WP_010882361.1	994992..995765	membrane protein	BosniaD
GI7	WP_010882362.1	995791..996108	thiol reductase thioredoxin	BosniaD
GI7	WP_014342643.1	996337..998760	hypothetical protein	BosniaD
GI7	WP_010882364.1	998868..1000205	NADH oxidase	BosniaD
GI7	WP_014342644.1	1000278..1001330	hypothetical protein	BosniaD
GI7	WP_039487445.1	1001274..1002296	membrane protein	BosniaD
GI7	WP_014342646.1	1002620..1004956	transcriptional accessory protein	BosniaD
GI7	WP_010882368.1	1005322..1005762	Flavodoxin	BosniaD
GI7	WP_014342648.1	1005913..1007748	signal peptidase I	BosniaD
GI7	WP_014505652.1	1007922..1008134	hypothetical protein	BosniaD
GI7	WP_014342651.1	1008229..1009752	hypothetical protein	BosniaD
GI7	WP_010882373.1	1009776..1011497	hypothetical protein	BosniaD
GI7	WP_039487449.1	1011581..1013011	hypothetical protein	BosniaD
GI7	WP_010882376.1	1013123..1014745	UDP-N-acetylmuramyl-tripeptide synthetase	BosniaD
GI7	WP_014342653.1	1014881..1016104	glutamate transporter	BosniaD
GI7	WP_010882378.1	1016097..1017035	N-acetylphosphinothricin-tripetide-deacetylase	BosniaD
GI7	WP_014342753.1	1017229..1018302	Hemolysin	BosniaD
GI7	WP_010882380.1	1018474..1019109	metal-dependent phosphodiesterase	BosniaD
GI7	WP_014342656.1	1019106..1019936	hypothetical protein	BosniaD
GI7	WP_010882382.1	1020001..1023555	pyruvate:ferredoxin (flavodoxin) oxidoreductase	BosniaD
GI7	WP_010882384.1	1023750..1024268	hypothetical protein	BosniaD
GI7	WP_010882385.1	1024345..1024809	hypothetical protein	BosniaD
GI7	WP_014342657.1	1024815..1025261	flagellar export chaperone FliS	BosniaD
GI7	WP_010882387.1	1025310..1026482	hypothetical protein	BosniaD
PI3	WP_014342665.1	1038761..1040659	TRAP transporter subunit DctM	BosniaD
PI3	WP_010882403.1	1040728..1041117	hypothetical protein	BosniaD
PI3	WP_010882404.1	1041129..1041923	flagellar basal body rod protein FlgG	BosniaD
PI3	WP_010882405.1	1041999..1042814	flagellar basal body rod protein subunit C	BosniaD
PI3	WP_010882406.1	1042900..1044132	macrolide ABC transporter permease	BosniaD
PI3	WP_010882407.1	1044243..1045472	macrolide ABC transporter permease	BosniaD
PI3	WP_010882408.1	1045462..1046169	macrolide ABC transporter ATP-binding protein	BosniaD
PI3	WP_010882409.1	1046169..1047131	membrane protein	BosniaD
PI3	WP_014342667.1	1047156..1048790	hypothetical protein	BosniaD
PI3	WP_039487568.1	1048839..1050404	hypothetical protein	BosniaD
PI3	WP_039487471.1	1050401..1052023	hypothetical protein	BosniaD
PI3	WP_039487572.1	1052020..1053594	hypothetical protein	BosniaD
PI3	WP_010882415.1	1053774..1054388	membrane protein	BosniaD
PI3	WP_014342672.1	1054544..1055890	iron transporter	BosniaD
PI3	WP_010882417.1	1055978..1057639	phenylalanine--tRNA ligase subunit alpha	BosniaD
PI3	WP_010882418.1	1057691..1057972	hypothetical protein	BosniaD
PI3	WP_010882419.1	1058024..1058848	rRNA (cytidine-2'-O-)-methyltransferase	BosniaD
PI3	WP_010882420.1	1058895..1060274	hypothetical protein	BosniaD
PI3	WP_010882421.1	1060261..1061121	Nif3-like dinuclear metal center hexameric protein	BosniaD
PI3	WP_012460612.1	1061118..1061711	signal peptidase II	BosniaD
PI3	WP_010882423.1	1061881..1062654	TatD family hydrolase	BosniaD